Model,MSE,MAE,R2
Linear Regression,1754318687330.6694,970043.4039201644,0.6529242642153172
Random Forest,1945984046979.0657,1007079.0611620795,0.6150050445177708
Gradient Boosting,2010619244501.6165,1037044.6903223264,0.6022175681602902
