Model,MSE,MAE,R2
Linear Regression,1754318687330.6694,970043.4039201644,0.6529242642153172
Random Forest,1858667974548.4565,1004155.4694189602,0.6322797223192107
Gradient Boosting,2132164145613.6335,1084242.326840121,0.5781710330073653
